data_1,data_2
-0.41612190,-0.06998344
