parameter_1,parameter_2
-0.22744922,-0.12754843
