data_1,data_2
-0.34739697,0.14947835
