parameter_1,parameter_2
0.06067444,0.39964700
