data_1,data_2
-0.64092547,0.25353748
