parameter_1,parameter_2
0.06071417,0.17163937
