data_1,data_2
-0.23917395,-0.44868243
