parameter_1,parameter_2
-0.32562041,-0.15835372
