data_1,data_2
-0.21540663,-0.17726752
