parameter_1,parameter_2
-0.34295610,-0.44227472
