data_1,data_2
0.41432270,0.70561528
