parameter_1,parameter_2
0.11712872,0.46058655
