data_1,data_2
-0.20168796,0.08696339
