parameter_1,parameter_2
0.48730573,-0.09279037
