data_1,data_2
-0.60964346,0.38684314
