parameter_1,parameter_2
-0.27090430,0.34804159
