data_1,data_2
-0.46115899,-0.35923254
