parameter_1,parameter_2
-0.17908531,0.11798921
