data_1,data_2
0.15740468,-0.64225924
