parameter_1,parameter_2
-0.00660267,-0.22720334
